maxRR, minRR, meanRR, stdevRR, maxQRS, minQRS, meanQRS, stdevQRS, maxTP, minTP, meanTP, stdevTP, maxPQ, minPQ, meanPQ, stdevPQ
0.6200000000098953, 0.0639999999984866, 0.5963199999999779, 0.05474794608036427, 0.27199999999720603, 0.1239999999961583, 0.20411999999996625, 0.04196934119096443, 0.11599999999452848, 0, 0.07319999999948777, 0.02074222746037439, 0.13599999999860302, 0, 0.12063999999969383, 0.02024426832417367
